<?xml version="1.0" encoding="utf-8"?>

<library xmlns:xsi="http://www.w3.org/2001/XMLSchema-instance" xsi:noNamespaceSchemaLocation="libraray.xsd">

<book>
    <title>Dead of the world</title>
	<author>charline harris</author>
	<publisher>abc publishing company</publisher>
	<cover cover_type="hardbook"></cover>
	<category cat_type="horror"></category>
	<isbn isbn_num="z1"></isbn>
	<rating rate_val="5"></rating>
	<price>$13.97</price>
	<comments>a good book</comments>
</book>
<book>
 <title>gardens of the moon</title>
	<author>steven erikson</author>
	<publisher>xyz publishing company</publisher>
	<cover cover_type="hardbook"></cover>
	<category cat_type="sci-fi"></category>
	<isbn isbn_num="z3"></isbn>
	<rating rate_val="4"></rating>
	<price>$17.65</price>
	<comments>a wonderful book</comments>
	</book>
	</library>
	

	

