<?xml version="1.0" encoding="utf-8"?>
<TRAINEE DETAILS>
<employee NUMBER="810500">
		     <MODULE_NAME> CORE JAVA<MODULE_NAME>
			 <MPT_MARKS> 54 <MPT_MARKS>
			 <MTT_MARKS> 15 <MTT_MARKS>
			 <ASSIGNMENT_MARKS> 84 <ASSIGNMENT_MARKS>
			 <TOTAL> 70 <TOTAL>
			 <SCORE> 3 <SCORE>			 
</employee>
<employee NUMBER="800519">
		     <MODULE_NAME> CORE JAVA <MODULE_NAME>
			 <MPT_MARKS> 44 <MPT_MARKS>
			 <MTT_MARKS> 15 <MTT_MARKS>
			 <ASSIGNMENT_MARKS> 85 <ASSIGNMENT_MARKS>
			 <TOTAL> 60 <TOTAL>
			 <SCORE> 2 <SCORE>			 
</employee>
<employee NUMBER="811191">
		     <MODULE_NAME> C# <MODULE_NAME>
			 <MPT_MARKS> 34 <MPT_MARKS>
			 <MTT_MARKS> 10 <MTT_MARKS>
			 <ASSIGNMENT_MARKS> 86 <ASSIGNMENT_MARKS>
			 <TOTAL> 49 <TOTAL>
			 <SCORE> 0 <SCORE>			 
</employee>
<employee NUMBER="811192">
		     <MODULE_NAME> CORE JAVA <MODULE_NAME>
			 <MPT_MARKS> 52 <MPT_MARKS>
			 <MTT_MARKS> 21 <MTT_MARKS>
			 <ASSIGNMENT_MARKS> 86 <ASSIGNMENT_MARKS>
			 <TOTAL> 70 <TOTAL>
			 <SCORE>3 <SCORE>			 
</employee>
<employee NUMBER="810599">
		     <MODULE_NAME> SERVLET_JSP <MODULE_NAME>
			 <MPT_MARKS> 12 <MPT_MARKS>
			 <MTT_MARKS> 24 <MTT_MARKS>
			 <ASSIGNMENT_MARKS> 85 <ASSIGNMENT_MARKS>
			 <TOTAL> 40 <TOTAL>
			 <SCORE> 0 <SCORE>			 
</employee>
<employee NUMBER="810599">
		     <MODULE_NAME> SPRING <MODULE_NAME>
			 <MPT_MARKS> 44 <MPT_MARKS>
			 <MTT_MARKS> 11 <MTT_MARKS>
			 <ASSIGNMENT_MARKS> 64 <ASSIGNMENT_MARKS>
			 <TOTAL> 0 <TOTAL>
			 <SCORE> 0 <SCORE>			 
</employee>


</TRAINEE DETAILS>